Register_ID,Record_Type,Source_Family,Requirement_or_Guidance_ID,Official_URL,Checked_Date,Current_Status,Audience,Materiality_Lens,Purpose_Summary,Reporting_Need,Candidate_Framework,Candidate_Requirement,Lens,Rationale,Applicability_Owner,Status,Review_Result,Reviewer_Reason
FR-001,FRAMEWORK_SOURCE,GRI Universal Standards,GRI 1; GRI 2; GRI 3,https://www.globalreporting.org/standards/,,VERIFY AGAINST OFFICIAL SOURCE,Broad report users,Impact,Foundation and general disclosures for reporting with GRI Standards,,,,,,,,,
FR-002,FRAMEWORK_SOURCE,GRI Material Topics,GRI 3: Material Topics 2021,https://www.globalreporting.org/publications/documents/english/gri-3-material-topics-2021/,,VERIFY AGAINST OFFICIAL SOURCE,Broad report users,Impact,Process for determining and reporting material topics,,,,,,,,,
FR-003,FRAMEWORK_SOURCE,GRI Topic Standards,Relevant current Topic Standards,https://www.globalreporting.org/how-to-use-the-gri-standards/gri-standards-english-language/,,VERIFY AGAINST OFFICIAL SOURCE,Broad report users,Impact,Topic disclosures and metrics selected after the material-topic process,,,,,,,,,
FR-004,FRAMEWORK_SOURCE,ISSB,IFRS S1,https://www.ifrs.org/supporting-implementation/supporting-materials-for-ifrs-sustainability-disclosure-standards/ifrs-s1/,,VERIFY AGAINST OFFICIAL SOURCE,Primary users of general purpose financial reports,Investor,Sustainability-related risks and opportunities that could affect entity prospects,,,,,,,,,
FR-005,FRAMEWORK_SOURCE,ISSB,IFRS S2,https://www.ifrs.org/sustainability/knowledge-hub/introduction-to-issb-and-ifrs-sustainability-disclosure-standards/,,VERIFY AGAINST OFFICIAL SOURCE,Primary users of general purpose financial reports,Investor,Climate-related disclosures used with IFRS S1,,,,,,,,,
FR-006,FRAMEWORK_SOURCE,SASB Standards,Relevant industry-based topics and metrics,https://www.ifrs.org/issued-standards/sasb-standards/,,VERIFY AGAINST OFFICIAL SOURCE,Investors,Investor,Industry-based guidance for sustainability-related risks and opportunities,,,,,,,,,
FR-007,FRAMEWORK_SOURCE,TCFD,Governance; Strategy; Risk management; Metrics and targets,https://www.ifrs.org/sustainability/tcfd/,,VERIFY AGAINST OFFICIAL SOURCE,Investors,Guidance bridge,Legacy climate recommendations incorporated into IFRS S2,,,,,,,,,
FR-008,FRAMEWORK_SOURCE,Singapore Exchange,Rule 711B,https://rulebook.sgx.com/rulebook/sustainability-report,,VERIFY AGAINST OFFICIAL SOURCE,SGX issuers and report users,Jurisdiction-specific,SGX sustainability-report content requirements subject to issuer applicability,,,,,,,,,
FR-009,FRAMEWORK_SOURCE,Singapore requirements,Requirements and timeline,https://www.acra.gov.sg/regulations/sustainability-reporting/requirements-timeline/,,VERIFY AGAINST OFFICIAL SOURCE,In-scope Singapore entities and report users,Jurisdiction-specific,Singapore climate-reporting requirements and implementation timeline subject to entity scope,,,,,,,,,
